,length,num_tokens,num_sentences,avg_sent_len,num_exclm_mark,ratio_q
0,0.0,0.0,0.0,0.0,0.0,0.0
1,0.6470588235294118,0.75,0.0,1.0,0.0,0.0
2,1.0,1.0,1.0,0.6666666666666665,0.0,0.0
